"months_loan_duration","credit_history","purpose","amount","years_at_residence","age","housing","job","dependents","default","emp_length","int_rate","annual_inc"
6,"critical","furniture/appliances",1169,4,67,"own","skilled",1,"no",10,10.65,24000
48,"good","furniture/appliances",5951,2,22,"own","skilled",1,"yes",25,NA,12252
12,"critical","education",2096,3,49,"own","unskilled",2,"no",13,13.49,49200
42,"good","furniture/appliances",7882,4,45,"other","skilled",2,"no",3,NA,36000
24,"poor","car",4870,4,53,"other","skilled",2,"yes",9,NA,48000
36,"good","education",9055,4,35,"other","unskilled",2,"no",11,12.69,75000
24,"good","furniture/appliances",2835,4,53,"own","skilled",1,"no",3,9.91,15000
36,"good","car",6948,2,35,"rent","management",1,"no",0,16.29,28000
12,"good","furniture/appliances",3059,4,61,"own","unskilled",1,"no",4,NA,42000
30,"critical","car",5234,2,28,"own","management",1,"yes",13,6.03,110000
12,"good","car",1295,1,25,"rent","skilled",1,"yes",1,NA,84000
48,"good","business",4308,4,24,"rent","skilled",1,"yes",6,6.03,77385.19
12,"good","furniture/appliances",1567,1,22,"own","skilled",1,"no",13,11.71,50000
24,"critical","car",1199,4,60,"own","unskilled",1,"yes",5,11.71,50000
15,"good","car",1403,4,28,"rent","skilled",1,"no",2,9.91,92000
24,"good","furniture/appliances",1282,2,32,"own","unskilled",1,"yes",19,11.71,106000
24,"critical","furniture/appliances",2424,4,53,"own","skilled",1,"no",0,11.71,25000
30,"perfect","business",8072,3,25,"own","skilled",1,"no",7,7.51,17108
24,"good","car",12579,2,44,"other","management",1,"yes",5,7.9,75000
24,"good","furniture/appliances",3430,2,31,"own","skilled",2,"no",2,8.9,24044
9,"critical","car",2134,4,48,"own","skilled",1,"no",7,15.96,34000
6,"good","furniture/appliances",2647,3,44,"rent","skilled",2,"no",18,10.65,41000
10,"critical","car",2241,3,48,"rent","unskilled",2,"no",2,9.91,55596
12,"critical","car",1804,4,44,"own","skilled",1,"no",1,7.9,45000
10,"critical","furniture/appliances",2069,1,26,"own","skilled",1,"no",1,12.42,36852
6,"good","furniture/appliances",1374,2,36,"own","unskilled",1,"no",4,7.51,68004
6,"perfect","furniture/appliances",426,4,39,"own","unskilled",1,"no",15,7.9,62300
12,"very good","furniture/appliances",409,3,42,"rent","skilled",1,"no",9,18.25,65000
7,"good","furniture/appliances",2415,2,34,"own","skilled",1,"no",17,16.77,55000
60,"poor","business",6836,4,63,"own","skilled",1,"yes",17,6.03,45600
18,"good","business",1913,3,36,"own","skilled",1,"no",6,NA,80000
24,"good","furniture/appliances",4020,2,27,"own","skilled",1,"no",6,10.65,27000
18,"good","car",5866,2,30,"own","skilled",1,"no",11,NA,60000
12,"critical","business",1264,4,57,"rent","unskilled",1,"no",5,6.62,70000
12,"good","furniture/appliances",1474,1,33,"own","management",1,"no",9,NA,110000
45,"critical","furniture/appliances",4746,2,25,"own","unskilled",1,"yes",0,10.65,40000
48,"critical","education",6110,3,31,"other","skilled",1,"no",1,9.91,46000
18,"good","furniture/appliances",2100,2,37,"own","skilled",1,"yes",0,12.42,39000
10,"good","furniture/appliances",1225,2,37,"own","skilled",1,"no",2,10.65,51400
9,"good","furniture/appliances",458,3,24,"own","skilled",1,"no",1,16.77,33000
30,"good","furniture/appliances",2333,2,30,"own","management",1,"no",0,NA,62000
12,"good","furniture/appliances",1158,1,26,"own","skilled",1,"no",7,10.65,55000
18,"poor","renovations",6204,4,44,"own","unskilled",2,"no",4,14.27,44544
30,"critical","car",6187,4,24,"rent","skilled",1,"no",2,14.65,61000
48,"critical","car",6143,4,58,"other","unskilled",1,"yes",1,13.49,33600
11,"critical","car",1393,4,35,"own","management",1,"no",3,16.77,50000
36,"good","furniture/appliances",2299,4,39,"own","skilled",1,"no",0,8.9,150000
6,"good","car",1352,2,23,"rent","unemployed",1,"no",18,14.65,90000
11,"critical","car",7228,4,39,"own","unskilled",1,"no",23,13.49,48000
12,"good","furniture/appliances",2073,2,28,"own","skilled",1,"no",1,NA,52000
24,"poor","furniture/appliances",2333,2,29,"own","unskilled",1,"no",2,14.27,68000
27,"poor","car",5965,2,30,"own","management",1,"no",6,12.69,42000
12,"good","furniture/appliances",1262,2,25,"own","skilled",1,"no",4,6.03,53000
18,"good","car",3378,1,31,"own","skilled",1,"no",12,12.69,35000
36,"poor","car",2225,4,57,"other","skilled",1,"yes",2,12.42,60000
6,"very good","car",783,2,26,"own","unskilled",2,"no",9,16.29,88365
12,"good","furniture/appliances",6468,1,52,"own","management",1,"yes",4,13.49,72000
36,"critical","furniture/appliances",9566,2,31,"own","skilled",1,"no",0,10.65,62000
18,"good","car",1961,2,23,"own","management",1,"no",3,10.65,43680
36,"critical","furniture/appliances",6229,4,23,"rent","unskilled",1,"yes",11,12.69,66000
9,"good","business",1391,1,27,"own","skilled",1,"no",4,11.71,39120
15,"critical","furniture/appliances",1537,4,50,"own","skilled",1,"no",11,6.03,83000
36,"perfect","business",1953,4,61,"other","management",1,"yes",8,8.9,28800
48,"perfect","business",14421,2,25,"own","skilled",1,"yes",6,9.91,135000
24,"good","furniture/appliances",3181,4,26,"own","skilled",1,"no",7,8.9,50000
27,"good","renovations",5190,4,48,"own","skilled",2,"no",15,10.65,45000
12,"good","furniture/appliances",2171,2,29,"own","skilled",1,"no",30,NA,80000
12,"good","car",1007,1,22,"own","skilled",1,"no",5,13.49,50000
36,"good","education",1819,4,37,"other","skilled",1,"yes",21,12.42,30000
36,"good","furniture/appliances",2394,4,25,"own","skilled",1,"no",8,6.62,110000
36,"good","car",8133,2,30,"own","skilled",1,"no",8,6.62,45608
7,"critical","furniture/appliances",730,2,46,"rent","unskilled",1,"no",5,12.69,35000
8,"critical","car0",1164,4,51,"other","management",2,"no",9,11.71,35000
42,"critical","business",5954,1,41,"own","unskilled",1,"no",6,8.9,24000
36,"good","education",1977,4,40,"own","management",1,"yes",2,11.71,126000
12,"critical","car",1526,4,66,"other","management",1,"no",1,7.9,43000
42,"good","furniture/appliances",3965,3,34,"own","skilled",1,"yes",1,NA,50000
11,"poor","furniture/appliances",4771,4,51,"own","skilled",1,"no",3,9.91,31200
54,"perfect","car",9436,2,39,"own","unskilled",2,"no",4,12.42,66000
30,"good","furniture/appliances",3832,1,22,"own","skilled",1,"no",12,NA,56964
24,"good","furniture/appliances",5943,1,44,"own","skilled",1,"yes",7,14.27,49500
15,"good","furniture/appliances",1213,3,47,"own","skilled",1,"no",6,8.9,125000
18,"good","business",1568,4,24,"rent","unskilled",1,"no",3,7.51,33000
24,"good","car0",1755,4,58,"own","unskilled",1,"no",0,12.69,30000
10,"good","furniture/appliances",2315,4,52,"own","unskilled",1,"no",5,7.51,23000
12,"critical","business",1412,2,29,"own","management",1,"no",2,14.65,24000
18,"critical","furniture/appliances",1295,1,27,"own","skilled",1,"no",17,6.62,62000
36,"good","education",12612,4,47,"other","skilled",2,"yes",4,NA,44000
18,"good","car",2249,3,30,"own","management",2,"no",1,11.71,90000
12,"perfect","renovations",1108,3,28,"own","skilled",1,"yes",5,6.03,26500
12,"critical","furniture/appliances",618,4,56,"own","skilled",1,"no",1,18.64,54000
12,"critical","car",1409,3,54,"own","skilled",1,"no",2,11.71,53000
12,"critical","furniture/appliances",797,3,33,"own","unskilled",2,"yes",4,14.27,52800
24,"critical","furniture/appliances",3617,4,20,"rent","skilled",1,"no",1,7.51,38000
12,"good","car",1318,4,54,"own","skilled",1,"no",7,9.91,38000
54,"perfect","business",15945,4,58,"rent","skilled",1,"yes",6,10.65,87000
12,"critical","education",2012,2,61,"own","skilled",1,"no",5,16.29,80000
18,"good","business",2622,4,34,"own","skilled",1,"no",5,12.42,48000
36,"critical","furniture/appliances",2337,4,36,"own","skilled",1,"no",0,NA,57000
20,"poor","car",7057,4,36,"rent","management",2,"no",2,6.03,25000
24,"good","car",1469,4,41,"rent","unskilled",1,"no",2,9.91,34000
36,"good","furniture/appliances",2323,4,24,"rent","skilled",1,"no",14,12.42,40000
6,"poor","furniture/appliances",932,2,24,"own","skilled",1,"no",2,17.27,44400
9,"critical","furniture/appliances",1919,3,35,"rent","skilled",1,"no",2,9.91,30000
12,"good","car",2445,4,26,"rent","skilled",1,"no",5,6.62,70000
24,"critical","car0",11938,3,39,"own","management",2,"yes",3,14.65,28000
18,"very good","car",6458,4,39,"own","management",2,"yes",2,9.91,50000
12,"good","car",6078,2,32,"own","skilled",1,"no",14,14.27,94800
24,"good","furniture/appliances",7721,2,30,"own","skilled",1,"no",2,9.91,36000
14,"good","business",1410,2,35,"own","skilled",1,"no",2,12.42,225000
6,"poor","business",1449,2,31,"own","skilled",2,"no",2,NA,45900
15,"good","education",392,4,23,"rent","skilled",1,"no",4,13.49,27200
18,"good","car",6260,3,28,"rent","unskilled",1,"no",1,12.69,42000
36,"critical","car",7855,2,25,"own","skilled",1,"yes",5,12.42,135000
12,"good","furniture/appliances",1680,1,35,"own","skilled",1,"no",11,12.42,65000
48,"critical","furniture/appliances",3578,1,47,"own","skilled",1,"no",3,10.65,30000
42,"good","furniture/appliances",7174,3,30,"own","management",1,"yes",19,12.42,43000
10,"critical","furniture/appliances",2132,3,27,"rent","skilled",1,"no",2,10.65,168000
33,"critical","furniture/appliances",4281,4,23,"own","skilled",1,"yes",9,NA,74000
12,"critical","car",2366,3,36,"own","management",1,"no",5,12.69,71000
21,"good","furniture/appliances",1835,2,25,"own","skilled",1,"yes",13,12.69,75000
24,"critical","car",3868,2,41,"rent","management",1,"no",5,10.65,60000
12,"good","furniture/appliances",1768,2,24,"rent","unskilled",1,"no",31,6.62,66000
10,"critical","car",781,4,63,"other","skilled",1,"no",12,11.71,1e+05
18,"good","furniture/appliances",1924,3,27,"rent","skilled",1,"yes",5,12.69,50000
12,"critical","car",2121,2,30,"own","skilled",1,"no",4,10.65,35000
12,"good","furniture/appliances",701,2,40,"own","unskilled",1,"no",6,13.49,75000
12,"good","renovations",639,2,30,"own","skilled",1,"yes",5,14.65,71000
12,"critical","car",1860,2,34,"own","management",1,"no",16,10.65,48000
12,"critical","car",3499,2,29,"own","skilled",1,"yes",5,15.27,36000
48,"good","car",8487,2,24,"own","skilled",1,"no",2,9.91,60000
36,"poor","education",6887,3,29,"own","skilled",1,"yes",3,8.9,34000
15,"good","furniture/appliances",2708,3,27,"own","unskilled",1,"no",25,15.27,44200
18,"good","furniture/appliances",1984,4,47,"other","skilled",1,"no",7,12.42,82000
60,"good","furniture/appliances",10144,4,21,"own","skilled",1,"no",2,15.27,41000
12,"critical","furniture/appliances",1240,2,38,"own","skilled",1,"no",0,13.49,36000
27,"poor","car",8613,2,27,"own","skilled",1,"no",1,15.27,30000
12,"good","furniture/appliances",766,3,66,"own","unskilled",1,"yes",0,6.62,40000
15,"critical","furniture/appliances",2728,2,35,"own","skilled",1,"no",9,NA,105000
12,"good","furniture/appliances",1881,2,44,"rent","unskilled",1,"no",4,14.27,45000
6,"good","car",709,2,27,"own","unemployed",1,"no",2,12.42,83000
36,"good","furniture/appliances",4795,1,30,"own","management",1,"no",0,NA,25000
27,"good","furniture/appliances",3416,2,27,"own","management",1,"no",19,13.49,60000
18,"good","furniture/appliances",2462,2,22,"own","skilled",1,"yes",0,7.51,65000
21,"critical","furniture/appliances",2288,4,23,"own","skilled",1,"no",11,17.27,144000
48,"very good","business",3566,2,30,"own","skilled",1,"no",2,12.42,75000
6,"critical","car",860,4,39,"own","skilled",1,"no",7,11.71,29000
12,"critical","car",682,3,51,"own","skilled",1,"no",5,6.62,45000
36,"critical","furniture/appliances",5371,2,28,"own","skilled",1,"no",5,12.42,55200
18,"critical","furniture/appliances",1582,4,46,"own","skilled",1,"no",7,7.9,61440
6,"good","furniture/appliances",1346,4,42,"other","skilled",2,"no",27,NA,56000
10,"good","furniture/appliances",1924,4,38,"own","skilled",1,"no",0,NA,47000
36,"good","furniture/appliances",5848,1,24,"own","skilled",1,"no",1,NA,71000
24,"critical","car",7758,4,29,"rent","skilled",1,"no",8,NA,135000
24,"poor","business",6967,4,36,"rent","management",1,"no",12,12.42,63000
12,"good","furniture/appliances",1282,4,20,"rent","skilled",1,"yes",5,13.49,50000
9,"critical","renovations",1288,4,48,"own","skilled",2,"no",5,9.91,80000
12,"very good","education",339,1,45,"own","unskilled",1,"no",4,12.42,45000
24,"good","car",3512,3,38,"own","skilled",1,"no",2,7.9,78000
6,"critical","furniture/appliances",1898,2,34,"own","unskilled",2,"no",1,9.91,33000
24,"critical","furniture/appliances",2872,4,36,"own","skilled",2,"no",5,12.69,62800
18,"critical","car",1055,1,30,"own","skilled",1,"no",19,19.03,80000
15,"good","furniture/appliances",1262,3,36,"own","skilled",1,"no",12,6.03,65000
10,"good","car",7308,4,70,"other","management",1,"no",23,7.9,59000
36,"good","car",909,4,36,"own","skilled",1,"no",1,11.71,33000
6,"good","furniture/appliances",2978,2,32,"own","skilled",1,"no",13,7.51,42000
18,"good","furniture/appliances",1131,2,33,"own","skilled",1,"yes",20,8.9,50700
11,"good","furniture/appliances",1577,1,20,"own","skilled",1,"no",1,12.42,75000
24,"good","furniture/appliances",3972,4,25,"rent","skilled",1,"no",6,13.49,40000
24,"critical","business",1935,4,31,"own","skilled",1,"yes",10,13.49,50000
15,"perfect","car",950,3,33,"rent","skilled",2,"yes",7,7.9,80000
12,"good","furniture/appliances",763,1,26,"own","skilled",1,"no",4,12.69,40000
24,"poor","furniture/appliances",2064,2,34,"own","management",1,"yes",2,11.71,75000
8,"good","furniture/appliances",1414,2,33,"own","skilled",1,"no",1,7.9,28800
21,"poor","education",3414,1,26,"own","skilled",1,"yes",9,9.91,61200
30,"very good","car",7485,1,53,"own","management",1,"yes",1,7.9,40000
12,"good","furniture/appliances",2577,1,42,"own","skilled",1,"no",9,6.03,54000
6,"critical","furniture/appliances",338,4,52,"own","skilled",1,"no",16,6.62,18000
12,"good","furniture/appliances",1963,2,31,"rent","management",2,"no",5,8.9,85000
21,"critical","car",571,4,65,"own","skilled",1,"no",5,8.9,78000
36,"poor","business",9572,1,28,"own","skilled",1,"yes",2,12.42,70000
36,"poor","business",4455,2,30,"own","management",1,"yes",4,15.96,70000
21,"very good","car",1647,2,40,"own","unskilled",2,"yes",9,NA,80000
24,"critical","furniture/appliances",3777,4,50,"own","skilled",1,"no",5,7.51,50000
18,"critical","car",884,4,36,"own","skilled",2,"yes",10,12.42,35000
15,"critical","furniture/appliances",1360,2,31,"own","skilled",1,"no",3,7.9,65000
9,"very good","car",5129,4,74,"other","management",2,"yes",29,15.27,75000
16,"critical","car",1175,3,68,"other","unemployed",1,"no",6,11.71,35000
12,"good","furniture/appliances",674,1,20,"own","skilled",1,"yes",6,9.91,40000
18,"perfect","furniture/appliances",3244,4,33,"own","skilled",1,"no",1,9.91,1e+05
24,"good","business",4591,3,54,"own","management",1,"yes",7,8.9,40000
48,"perfect","business",3844,4,34,"other","unskilled",2,"yes",11,17.27,52000
27,"good","business",3915,2,36,"own","skilled",2,"yes",3,11.71,92500
6,"good","furniture/appliances",2108,2,29,"rent","skilled",1,"no",9,9.91,61000
45,"good","furniture/appliances",3031,4,21,"rent","skilled",1,"yes",16,NA,36000
9,"critical","education",1501,3,34,"own","management",1,"yes",18,7.51,68000
6,"critical","furniture/appliances",1382,1,28,"own","skilled",1,"no",1,11.71,80000
12,"good","furniture/appliances",951,4,27,"rent","skilled",1,"yes",15,12.42,43000
24,"good","car",2760,4,36,"other","skilled",1,"no",1,11.71,150000
18,"poor","furniture/appliances",4297,3,40,"own","management",1,"yes",2,11.71,35000
9,"critical","education",936,2,52,"own","skilled",1,"no",6,14.27,80000
12,"good","car",1168,3,27,"own","unskilled",1,"no",15,16.29,40000
27,"poor","business",5117,4,26,"own","skilled",1,"no",1,6.03,55000
12,"good","education",902,4,21,"rent","skilled",1,"yes",6,9.91,110000
12,"critical","car",1495,1,38,"own","unskilled",2,"no",5,12.69,1e+05
30,"critical","car",10623,4,38,"other","management",2,"no",3,13.49,62000
12,"critical","furniture/appliances",1935,4,43,"own","skilled",1,"no",0,7.9,45000
12,"critical","furniture/appliances",1424,3,26,"own","skilled",1,"no",5,9.91,110000
24,"good","business",6568,2,21,"own","unskilled",1,"no",3,11.71,33000
12,"good","car",1413,2,55,"own","skilled",1,"no",3,6.03,61000
9,"critical","furniture/appliances",3074,2,33,"own","skilled",2,"no",2,16.29,50964
36,"good","furniture/appliances",3835,4,45,"own","unskilled",1,"no",3,15.27,43680
27,"perfect","business",5293,4,50,"own","skilled",1,"yes",5,12.42,50700
30,"poor","business",1908,4,66,"own","management",1,"yes",5,6.03,50000
36,"critical","furniture/appliances",3342,2,51,"own","skilled",1,"no",13,15.27,50000
6,"critical","education",932,3,39,"own","unskilled",1,"no",3,NA,84000
18,"perfect","business",3104,1,31,"own","skilled",1,"no",6,12.42,155000
36,"good","furniture/appliances",3913,2,23,"own","skilled",1,"no",0,7.9,62000
24,"good","furniture/appliances",3021,2,24,"rent","unskilled",1,"no",2,11.71,30000
10,"good","car",1364,4,64,"own","skilled",1,"no",9,12.69,40000
12,"good","furniture/appliances",625,1,26,"own","unskilled",1,"no",7,14.65,34000
12,"good","education",1200,4,23,"rent","skilled",1,"no",5,15.96,73000
12,"good","furniture/appliances",707,2,30,"own","skilled",1,"no",0,16.77,114000
24,"poor","business",2978,4,32,"own","skilled",2,"no",14,10.65,90000
15,"good","car",4657,2,30,"own","skilled",1,"no",7,NA,56000
36,"perfect","renovations",2613,2,27,"own","skilled",1,"no",5,9.91,35000
48,"good","furniture/appliances",10961,2,27,"own","skilled",1,"yes",15,7.9,40000
12,"good","furniture/appliances",7865,4,53,"other","management",1,"yes",6,7.9,48000
9,"good","furniture/appliances",1478,2,22,"own","skilled",1,"yes",12,6.03,85000
24,"good","furniture/appliances",3149,1,22,"other","skilled",1,"no",11,14.27,70000
36,"good","furniture/appliances",4210,2,26,"own","skilled",1,"yes",9,6.03,30000
9,"good","car",2507,4,51,"other","unskilled",1,"no",4,14.65,45000
12,"good","furniture/appliances",2141,1,35,"own","skilled",1,"no",1,7.9,55000
18,"good","furniture/appliances",866,2,25,"own","unskilled",1,"no",8,15.27,82000
4,"critical","furniture/appliances",1544,1,42,"own","unskilled",2,"no",13,15.96,53000
24,"good","furniture/appliances",1823,2,30,"own","management",2,"yes",13,11.71,54000
6,"good","car",14555,2,23,"own","unemployed",1,"yes",5,12.69,65000
21,"good","business",2767,2,61,"rent","unskilled",1,"yes",6,8.9,28800
12,"critical","furniture/appliances",1291,2,35,"own","skilled",1,"no",1,17.27,42000
30,"good","furniture/appliances",2522,3,39,"own","skilled",2,"no",3,12.42,36000
24,"good","car",915,2,29,"own","skilled",1,"yes",2,11.71,40000
6,"good","furniture/appliances",1595,2,51,"own","skilled",2,"no",4,9.91,50000
48,"perfect","car",4605,4,24,"other","skilled",2,"yes",1,11.71,52000
12,"critical","business",1185,2,27,"own","skilled",1,"no",6,7.9,75000
12,"very good","education",3447,3,35,"own","unskilled",2,"no",0,14.27,80000
24,"good","business",1258,1,25,"own","skilled",1,"no",7,8.9,40246
12,"critical","furniture/appliances",717,4,52,"own","skilled",1,"no",6,10.65,60000
6,"perfect","car",1204,1,35,"rent","skilled",1,"no",3,9.91,31200
24,"good","furniture/appliances",1925,2,26,"own","skilled",1,"no",15,11.71,90000
18,"good","furniture/appliances",433,4,22,"rent","skilled",1,"yes",4,7.9,40000
6,"critical","car",666,4,39,"own","unskilled",1,"no",1,12.42,90000
12,"good","furniture/appliances",2251,2,46,"own","unskilled",1,"no",4,16.29,67000
30,"good","car",2150,2,24,"own","skilled",1,"yes",1,6.62,276000
24,"poor","furniture/appliances",4151,3,35,"own","skilled",1,"no",6,11.71,26400
9,"good","furniture/appliances",2030,1,24,"own","skilled",1,"no",NA,11.71,24000
60,"poor","furniture/appliances",7418,1,27,"own","unskilled",1,"no",3,11.71,68400
24,"critical","furniture/appliances",2684,2,35,"own","unskilled",1,"no",1,15.96,29120
12,"very good","furniture/appliances",2149,1,29,"other","skilled",1,"yes",0,16.29,29120
15,"good","car",3812,4,23,"own","skilled",1,"no",4,15.27,54000
11,"critical","furniture/appliances",1154,4,57,"own","unskilled",1,"no",5,NA,30000
12,"good","furniture/appliances",1657,2,27,"own","skilled",1,"no",4,14.27,30000
24,"good","furniture/appliances",1603,4,55,"own","skilled",1,"no",16,15.96,50000
18,"critical","car",5302,4,36,"other","management",1,"no",11,14.65,100500
12,"critical","education",2748,4,57,"other","unskilled",1,"no",3,NA,40000
10,"critical","car",1231,4,32,"own","unskilled",2,"no",5,12.42,47000
15,"good","furniture/appliances",802,3,37,"own","skilled",2,"yes",3,16.29,68000
36,"critical","business",6304,4,36,"own","skilled",1,"no",4,7.9,39600
24,"good","furniture/appliances",1533,3,38,"own","skilled",1,"no",3,13.49,30000
14,"good","car",8978,4,45,"own","management",1,"yes",1,7.51,30000
24,"good","furniture/appliances",999,2,25,"own","skilled",1,"no",3,12.42,42000
18,"good","car",2662,3,32,"own","skilled",1,"no",4,11.71,42000
12,"critical","furniture/appliances",1402,4,37,"rent","skilled",1,"no",3,13.49,27000
48,"very good","car",12169,4,36,"other","management",1,"no",5,7.9,46000
48,"good","furniture/appliances",3060,4,28,"own","skilled",1,"yes",17,12.42,80000
30,"good","renovations",11998,1,34,"own","unskilled",1,"yes",3,6.62,45000
9,"good","furniture/appliances",2697,2,32,"own","skilled",2,"no",2,7.9,72500
18,"critical","furniture/appliances",2404,2,26,"own","skilled",1,"no",2,7.9,30000
12,"good","furniture/appliances",1262,4,49,"own","unskilled",1,"no",5,15.96,65000
6,"good","furniture/appliances",4611,4,32,"own","skilled",1,"yes",18,7.51,65000
24,"good","furniture/appliances",1901,4,29,"rent","management",1,"no",4,9.91,120000
15,"critical","car",3368,4,23,"rent","skilled",1,"no",4,15.27,54990
12,"good","furniture/appliances",1574,2,50,"own","skilled",1,"no",2,7.9,137000
18,"very good","furniture/appliances",1445,4,49,"own","unskilled",1,"no",1,8.9,46000
15,"critical","furniture/appliances",1520,4,63,"own","skilled",1,"no",8,12.69,135000
24,"critical","car",3878,2,37,"own","skilled",1,"no",NA,7.51,31500
47,"good","car",10722,1,35,"own","unskilled",1,"no",13,NA,65000
48,"good","car",4788,3,26,"own","skilled",2,"no",2,6.62,78000
48,"poor","car0",7582,4,31,"other","management",1,"no",5,6.03,60000
12,"good","furniture/appliances",1092,4,49,"own","skilled",1,"no",11,8.9,48000
24,"poor","furniture/appliances",1024,4,48,"own","skilled",1,"yes",0,7.9,25000
12,"good","business",1076,2,26,"own","skilled",1,"no",3,7.51,82000
36,"good","car",9398,4,28,"rent","management",1,"yes",13,NA,82000
24,"critical","car",6419,4,44,"other","management",2,"no",5,7.9,42000
42,"critical","car",4796,4,56,"other","skilled",1,"no",5,12.42,38000
48,"critical","business",7629,2,46,"own","management",2,"no",4,16.29,35000
48,"good","furniture/appliances",9960,2,26,"own","skilled",1,"yes",13,9.91,33000
12,"good","car",4675,4,20,"rent","skilled",1,"no",11,11.71,52800
10,"good","car",1287,2,45,"own","unskilled",1,"no",17,9.91,73882
18,"good","furniture/appliances",2515,4,43,"own","skilled",1,"no",7,12.69,36000
21,"critical","furniture/appliances",2745,2,32,"own","skilled",1,"no",19,NA,130000
6,"good","car",672,4,54,"own","unemployed",1,"no",10,10.65,24000
36,"perfect","furniture/appliances",3804,1,42,"own","skilled",1,"yes",25,NA,12252
24,"critical","car",1344,2,37,"own","unskilled",2,"yes",13,13.49,49200
10,"critical","car",1038,3,49,"own","skilled",1,"no",3,NA,36000
48,"critical","car",10127,2,44,"other","skilled",1,"yes",9,NA,48000
6,"good","furniture/appliances",1543,2,33,"own","skilled",1,"no",11,12.69,75000
30,"good","car",4811,4,24,"rent","unskilled",1,"no",3,9.91,15000
12,"good","furniture/appliances",727,3,33,"own","unskilled",1,"yes",0,16.29,28000
8,"good","furniture/appliances",1237,4,24,"own","skilled",1,"yes",4,NA,42000
9,"good","car",276,4,22,"rent","unskilled",1,"no",13,6.03,110000
48,"good","car0",5381,4,40,"other","unemployed",1,"no",1,NA,84000
24,"good","furniture/appliances",5511,1,25,"own","skilled",1,"no",6,6.03,77385.19
24,"good","furniture/appliances",3749,4,26,"own","skilled",1,"no",13,11.71,50000
12,"good","car",685,3,25,"own","unskilled",1,"yes",5,11.71,50000
4,"good","car",1494,2,29,"own","unskilled",2,"no",2,9.91,92000
36,"very good","furniture/appliances",2746,4,31,"own","skilled",1,"yes",19,11.71,106000
12,"good","furniture/appliances",708,3,38,"own","unskilled",2,"no",0,11.71,25000
24,"good","furniture/appliances",4351,4,48,"own","unskilled",1,"no",7,7.51,17108
12,"critical","education",701,2,32,"own","skilled",1,"no",5,7.9,75000
15,"poor","furniture/appliances",3643,4,27,"own","unskilled",1,"no",2,8.9,24044
30,"critical","car",4249,2,28,"own","management",1,"yes",7,15.96,34000
24,"good","furniture/appliances",1938,3,32,"own","skilled",1,"yes",18,10.65,41000
24,"good","car",2910,1,34,"other","management",1,"no",2,9.91,55596
18,"good","furniture/appliances",2659,2,28,"own","skilled",1,"no",1,7.9,45000
18,"critical","car",1028,3,36,"own","skilled",1,"no",1,12.42,36852
8,"critical","car",3398,4,39,"own","unskilled",1,"no",4,7.51,68004
12,"critical","furniture/appliances",5801,4,49,"rent","skilled",1,"no",15,7.9,62300
24,"good","car",1525,3,34,"own","skilled",2,"no",9,18.25,65000
36,"good","furniture/appliances",4473,2,31,"own","skilled",1,"no",17,16.77,55000
6,"good","furniture/appliances",1068,4,28,"own","skilled",2,"no",17,6.03,45600
24,"critical","car",6615,4,75,"other","management",1,"no",6,NA,80000
18,"critical","education",1864,2,30,"own","skilled",1,"yes",6,10.65,27000
60,"good","car",7408,2,24,"own","management",1,"yes",11,NA,60000
48,"critical","car",11590,4,24,"rent","unskilled",1,"yes",5,6.62,70000
24,"perfect","furniture/appliances",4110,4,23,"rent","skilled",2,"yes",9,NA,110000
6,"critical","furniture/appliances",3384,4,44,"rent","management",1,"yes",0,10.65,40000
13,"good","furniture/appliances",2101,4,23,"own","unskilled",1,"no",1,9.91,46000
15,"good","furniture/appliances",1275,2,24,"rent","skilled",1,"yes",0,12.42,39000
24,"good","furniture/appliances",4169,4,28,"own","skilled",1,"no",2,10.65,51400
10,"good","furniture/appliances",1521,2,31,"own","unskilled",1,"no",1,16.77,33000
24,"critical","education",5743,4,24,"other","skilled",1,"no",0,NA,62000
21,"good","furniture/appliances",3599,4,26,"rent","unskilled",1,"no",7,10.65,55000
18,"good","furniture/appliances",3213,3,25,"rent","skilled",1,"no",4,14.27,44544
18,"good","business",4439,1,33,"own","management",1,"no",2,14.65,61000
10,"good","car",3949,1,37,"own","unskilled",2,"no",1,13.49,33600
15,"critical","furniture/appliances",1459,2,43,"own","unskilled",1,"no",3,16.77,50000
13,"critical","furniture/appliances",882,4,23,"own","skilled",1,"no",0,8.9,150000
24,"good","furniture/appliances",3758,4,23,"rent","unemployed",1,"no",18,14.65,90000
6,"poor","business",1743,2,34,"own","unskilled",1,"no",23,13.49,48000
9,"critical","education",1136,3,32,"other","skilled",2,"yes",1,NA,52000
9,"good","furniture/appliances",1236,4,23,"rent","skilled",1,"no",2,14.27,68000
9,"good","furniture/appliances",959,2,29,"own","skilled",1,"yes",6,12.69,42000
18,"critical","car",3229,4,38,"own","management",1,"no",4,6.03,53000
12,"perfect","furniture/appliances",6199,2,28,"rent","skilled",1,"yes",12,12.69,35000
10,"good","education",727,4,46,"other","skilled",1,"no",2,12.42,60000
24,"good","car",1246,2,23,"own","unskilled",1,"yes",9,16.29,88365
12,"critical","furniture/appliances",2331,4,49,"own","skilled",1,"no",4,13.49,72000
36,"poor","furniture/appliances",4463,2,26,"own","management",1,"yes",0,10.65,62000
12,"good","furniture/appliances",776,2,28,"own","skilled",1,"no",3,10.65,43680
30,"good","furniture/appliances",2406,4,23,"rent","skilled",1,"yes",11,12.69,66000
18,"good","education",1239,4,61,"other","skilled",1,"no",4,11.71,39120
12,"good","furniture/appliances",3399,3,37,"own","management",1,"no",11,6.03,83000
12,"poor","car",2247,2,36,"own","skilled",1,"no",8,8.9,28800
6,"good","furniture/appliances",1766,2,21,"rent","skilled",1,"no",6,9.91,135000
18,"good","furniture/appliances",2473,1,25,"own","unemployed",1,"yes",7,8.9,50000
12,"good","business",1542,4,36,"own","skilled",1,"no",15,10.65,45000
18,"critical","car",3850,1,27,"own","skilled",1,"no",30,NA,80000
18,"good","furniture/appliances",3650,4,22,"rent","skilled",1,"no",5,13.49,50000
36,"good","furniture/appliances",3446,2,42,"own","skilled",2,"yes",21,12.42,30000
18,"good","furniture/appliances",3001,4,40,"rent","skilled",1,"no",8,6.62,110000
36,"good","car",3079,4,36,"own","skilled",1,"no",8,6.62,45608
18,"critical","furniture/appliances",6070,4,33,"own","skilled",1,"no",5,12.69,35000
10,"critical","furniture/appliances",2146,3,23,"rent","skilled",1,"no",9,11.71,35000
60,"critical","car",13756,4,63,"other","management",1,"no",6,8.9,24000
60,"very good","car0",14782,4,60,"other","management",1,"yes",2,11.71,126000
48,"very good","business",7685,4,37,"rent","skilled",1,"yes",1,7.9,43000
18,"poor","furniture/appliances",2320,3,34,"own","skilled",1,"no",1,NA,50000
7,"poor","furniture/appliances",846,4,36,"other","skilled",1,"no",3,9.91,31200
36,"good","car",14318,2,57,"other","management",1,"yes",4,12.42,66000
6,"critical","car",362,4,52,"own","unskilled",1,"no",12,NA,56964
20,"good","furniture/appliances",2212,4,39,"own","skilled",1,"no",7,14.27,49500
18,"good","car",12976,4,38,"other","management",1,"yes",6,8.9,125000
22,"good","car",1283,4,25,"rent","skilled",1,"no",3,7.51,33000
12,"good","car",1330,1,26,"own","skilled",1,"no",0,12.69,30000
30,"poor","business",4272,2,26,"own","unskilled",1,"no",5,7.51,23000
18,"critical","furniture/appliances",2238,1,25,"own","skilled",1,"no",2,14.65,24000
18,"good","furniture/appliances",1126,2,21,"rent","skilled",1,"no",17,6.62,62000
18,"critical","furniture/appliances",7374,4,40,"own","management",1,"no",4,NA,44000
15,"critical","business",2326,4,27,"own","skilled",1,"no",1,11.71,90000
9,"good","business",1449,2,27,"own","skilled",1,"no",5,6.03,26500
18,"good","car",1820,2,30,"own","management",1,"no",1,18.64,54000
12,"good","furniture/appliances",983,4,19,"rent","unskilled",1,"no",2,11.71,53000
36,"good","car",3249,4,39,"other","management",2,"no",4,14.27,52800
6,"critical","furniture/appliances",1957,4,31,"own","skilled",1,"no",1,7.51,38000
9,"critical","furniture/appliances",2406,3,31,"own","management",1,"no",7,9.91,38000
39,"poor","education",11760,3,32,"rent","skilled",1,"no",6,10.65,87000
12,"good","furniture/appliances",2578,4,55,"other","management",1,"no",5,16.29,80000
36,"critical","furniture/appliances",2348,2,46,"own","skilled",1,"no",5,12.42,48000
12,"good","car",1223,1,46,"rent","skilled",1,"yes",0,NA,57000
24,"critical","furniture/appliances",1516,1,43,"own","unskilled",1,"no",2,6.03,25000
18,"good","furniture/appliances",1473,4,39,"own","skilled",1,"no",2,9.91,34000
18,"critical","business",1887,4,28,"own","skilled",1,"no",14,12.42,40000
24,"poor","business",8648,2,27,"own","skilled",1,"yes",2,17.27,44400
14,"poor","car",802,2,27,"own","unskilled",1,"no",2,9.91,30000
18,"poor","car",2899,4,43,"own","skilled",2,"no",5,6.62,70000
24,"good","furniture/appliances",2039,1,22,"own","skilled",1,"yes",3,14.65,28000
24,"critical","car",2197,4,43,"own","skilled",2,"no",2,9.91,50000
15,"good","furniture/appliances",1053,2,27,"own","skilled",1,"no",14,14.27,94800
24,"good","furniture/appliances",3235,2,26,"own","management",1,"no",2,9.91,36000
12,"critical","car",939,2,28,"own","skilled",1,"yes",2,12.42,225000
24,"good","furniture/appliances",1967,4,20,"own","skilled",1,"no",2,NA,45900
33,"critical","car",7253,2,35,"own","management",1,"no",4,13.49,27200
12,"critical","business",2292,2,42,"own","management",1,"yes",1,12.69,42000
10,"good","car",1597,2,40,"rent","unskilled",2,"no",5,12.42,135000
24,"good","car",1381,2,35,"own","skilled",1,"yes",11,12.42,65000
36,"critical","car",5842,2,35,"own","skilled",2,"no",3,10.65,30000
12,"good","car",2579,1,33,"own","unskilled",2,"yes",19,12.42,43000
18,"poor","education",8471,2,23,"rent","skilled",1,"no",2,10.65,168000
21,"good","car",2782,2,31,"own","management",1,"no",9,NA,74000
18,"good","car",1042,2,33,"own","skilled",1,"yes",5,12.69,71000
15,"good","car",3186,3,20,"rent","skilled",1,"no",13,12.69,75000
12,"good","car",2028,2,30,"own","skilled",1,"no",5,10.65,60000
12,"critical","car",958,3,47,"own","unskilled",2,"no",31,6.62,66000
21,"poor","furniture/appliances",1591,3,34,"own","management",1,"no",12,11.71,1e+05
12,"good","furniture/appliances",2762,2,25,"own","skilled",1,"yes",5,12.69,50000
18,"good","car",2779,3,21,"rent","skilled",1,"no",4,10.65,35000
28,"critical","furniture/appliances",2743,2,29,"own","skilled",1,"no",6,13.49,75000
18,"critical","furniture/appliances",1149,3,46,"own","skilled",1,"no",5,14.65,71000
9,"good","furniture/appliances",1313,4,20,"own","skilled",1,"no",16,10.65,48000
18,"critical","renovations",1190,4,55,"other","unemployed",2,"yes",5,15.27,36000
5,"good","business",3448,4,74,"own","unskilled",1,"no",2,9.91,60000
24,"good","car0",11328,3,29,"own","management",1,"yes",3,8.9,34000
6,"critical","furniture/appliances",1872,4,36,"other","management",1,"no",25,15.27,44200
24,"critical","renovations",2058,2,33,"own","skilled",1,"no",7,12.42,82000
9,"good","furniture/appliances",2136,2,25,"own","skilled",1,"no",2,15.27,41000
12,"good","furniture/appliances",1484,1,25,"own","skilled",1,"yes",0,13.49,36000
6,"good","renovations",660,4,23,"rent","unskilled",1,"no",1,15.27,30000
24,"critical","car",1287,4,37,"own","skilled",1,"no",0,6.62,40000
42,"critical","renovations",3394,4,65,"own","unemployed",1,"no",9,NA,105000
12,"very good","business",609,1,26,"own","unemployed",1,"yes",4,14.27,45000
12,"good","car",1884,4,39,"own","management",1,"no",2,12.42,83000
12,"good","furniture/appliances",1620,3,30,"own","skilled",1,"no",0,NA,25000
20,"poor","car0",2629,3,29,"own","skilled",1,"no",19,13.49,60000
12,"good","education",719,4,41,"own","unskilled",2,"yes",0,7.51,65000
48,"critical","furniture/appliances",5096,3,30,"own","management",1,"yes",11,17.27,144000
9,"critical","education",1244,4,41,"rent","unskilled",1,"no",2,12.42,75000
36,"good","car",1842,4,34,"own","skilled",1,"yes",7,11.71,29000
7,"good","furniture/appliances",2576,2,35,"own","skilled",1,"no",5,6.62,45000
12,"good","furniture/appliances",1424,4,55,"own","management",1,"no",5,12.42,55200
15,"poor","renovations",1512,3,61,"own","skilled",1,"yes",7,7.9,61440
36,"critical","car",11054,2,30,"own","management",1,"no",27,NA,56000
6,"good","furniture/appliances",518,1,29,"own","skilled",1,"no",0,NA,47000
12,"perfect","furniture/appliances",2759,4,34,"own","skilled",1,"no",1,NA,71000
24,"good","car",2670,4,35,"own","management",1,"no",8,NA,135000
24,"good","car",4817,3,31,"own","skilled",1,"yes",12,12.42,63000
24,"good","car",2679,1,29,"own","management",1,"no",5,13.49,50000
11,"critical","car",3905,2,36,"rent","skilled",2,"no",5,9.91,80000
12,"good","car",3386,4,35,"other","skilled",1,"yes",4,12.42,45000
6,"good","furniture/appliances",343,1,27,"own","skilled",1,"no",2,7.9,78000
18,"good","furniture/appliances",4594,2,32,"own","skilled",1,"no",1,9.91,33000
36,"good","furniture/appliances",3620,2,37,"own","skilled",2,"no",5,12.69,62800
15,"good","car",1721,3,36,"own","skilled",1,"no",19,19.03,80000
12,"good","furniture/appliances",3017,1,34,"rent","management",1,"no",12,6.03,65000
12,"good","education",754,4,38,"own","skilled",1,"no",23,7.9,59000
18,"good","business",1950,1,34,"own","skilled",1,"no",1,11.71,33000
24,"good","car",2924,4,63,"own","skilled",2,"no",13,7.51,42000
24,"poor","furniture/appliances",1659,2,29,"rent","unskilled",1,"yes",20,8.9,50700
48,"poor","furniture/appliances",7238,3,32,"own","skilled",2,"no",1,12.42,75000
33,"poor","business",2764,2,26,"own","skilled",1,"no",6,13.49,40000
24,"poor","car",4679,3,35,"own","unskilled",1,"no",10,13.49,50000
24,"good","furniture/appliances",3092,2,22,"rent","skilled",1,"yes",7,7.9,80000
6,"good","education",448,4,23,"own","skilled",1,"yes",4,12.69,40000
9,"good","car",654,3,28,"own","unskilled",1,"yes",2,11.71,75000
6,"good","education",1238,4,36,"own","management",2,"no",1,7.9,28800
18,"critical","furniture/appliances",1245,2,33,"own","skilled",1,"yes",9,9.91,61200
18,"perfect","furniture/appliances",3114,4,26,"rent","skilled",1,"yes",1,7.9,40000
39,"good","car",2569,4,24,"own","skilled",1,"no",9,6.03,54000
24,"good","furniture/appliances",5152,2,25,"own","skilled",1,"no",16,6.62,18000
12,"good","business",1037,4,39,"own","unskilled",1,"no",5,8.9,85000
15,"critical","furniture/appliances",1478,4,44,"own","skilled",2,"no",5,8.9,78000
12,"critical","furniture/appliances",3573,1,23,"own","unskilled",1,"no",2,12.42,70000
24,"good","car",1201,1,26,"own","skilled",1,"no",4,15.96,70000
30,"good","furniture/appliances",3622,4,57,"rent","skilled",1,"no",9,NA,80000
15,"poor","furniture/appliances",960,2,30,"own","skilled",1,"no",5,7.51,50000
12,"critical","car",1163,4,44,"own","skilled",1,"no",10,12.42,35000
6,"poor","car",1209,4,47,"own","management",1,"yes",3,7.9,65000
12,"good","furniture/appliances",3077,4,52,"own","skilled",1,"no",29,15.27,75000
24,"good","car",3757,4,62,"other","skilled",1,"no",6,11.71,35000
10,"good","car",1418,2,35,"rent","unskilled",1,"no",6,9.91,40000
6,"good","car",3518,3,26,"rent","skilled",1,"no",1,9.91,1e+05
12,"critical","furniture/appliances",1934,2,26,"own","skilled",1,"no",7,8.9,40000
27,"perfect","business",8318,4,42,"other","management",1,"yes",11,17.27,52000
6,"critical","furniture/appliances",1237,1,27,"own","skilled",1,"no",3,11.71,92500
6,"good","furniture/appliances",368,4,38,"own","skilled",1,"no",9,9.91,61000
12,"critical","car",2122,2,39,"rent","unskilled",2,"no",16,NA,36000
24,"good","furniture/appliances",2996,4,20,"own","skilled",1,"yes",18,7.51,68000
36,"good","furniture/appliances",9034,1,29,"rent","management",1,"yes",1,11.71,80000
24,"critical","furniture/appliances",1585,3,40,"own","skilled",1,"no",15,12.42,43000
18,"good","furniture/appliances",1301,2,32,"own","unskilled",1,"no",1,11.71,150000
6,"critical","car",1323,4,28,"own","skilled",2,"no",2,11.71,35000
24,"good","car",3123,1,27,"own","skilled",1,"yes",6,14.27,80000
36,"good","car",5493,4,42,"other","skilled",2,"no",15,16.29,40000
9,"good","furniture/appliances",1126,4,49,"own","skilled",1,"no",1,6.03,55000
24,"critical","furniture/appliances",1216,4,38,"own","skilled",2,"yes",6,9.91,110000
24,"good","car",1207,4,24,"rent","skilled",1,"yes",5,12.69,1e+05
10,"good","car",1309,4,27,"own","unskilled",1,"yes",3,13.49,62000
15,"critical","car",2360,2,36,"own","skilled",1,"no",0,7.9,45000
15,"very good","car",6850,2,34,"own","management",2,"yes",5,9.91,110000
24,"good","furniture/appliances",1413,2,28,"own","skilled",1,"no",3,11.71,33000
39,"good","car",8588,2,45,"own","management",1,"no",3,6.03,61000
12,"good","car",759,2,26,"own","skilled",1,"yes",2,16.29,50964
36,"good","car",4686,2,32,"other","management",1,"no",3,15.27,43680
15,"good","business",2687,4,26,"rent","skilled",1,"no",5,12.42,50700
12,"poor","furniture/appliances",585,4,20,"rent","skilled",1,"no",5,6.03,50000
24,"good","car",2255,1,54,"own","skilled",1,"no",13,15.27,50000
6,"critical","car",609,3,37,"own","skilled",1,"no",3,NA,84000
6,"critical","car",1361,4,40,"own","unskilled",2,"no",6,12.42,155000
36,"critical","furniture/appliances",7127,4,23,"rent","skilled",1,"yes",0,7.9,62000
6,"good","car",1203,2,43,"own","skilled",1,"no",2,11.71,30000
6,"critical","furniture/appliances",700,4,36,"other","skilled",1,"no",9,12.69,40000
24,"critical","renovations",5507,4,44,"other","skilled",1,"no",7,14.65,34000
18,"good","furniture/appliances",3190,2,24,"own","skilled",1,"yes",5,15.96,73000
48,"perfect","furniture/appliances",7119,4,53,"other","skilled",2,"yes",0,16.77,114000
24,"good","car",3488,4,23,"own","skilled",1,"no",14,10.65,90000
18,"good","furniture/appliances",1113,4,26,"own","unskilled",2,"no",7,NA,56000
26,"good","car",7966,3,30,"own","skilled",1,"no",5,9.91,35000
15,"critical","education",1532,3,31,"own","skilled",1,"no",15,7.9,40000
4,"critical","furniture/appliances",1503,1,42,"own","unskilled",2,"no",6,7.9,48000
36,"good","furniture/appliances",2302,4,31,"rent","skilled",1,"yes",12,6.03,85000
6,"good","car",662,4,41,"own","unskilled",2,"no",11,14.27,70000
36,"good","education",2273,1,32,"own","skilled",2,"no",9,6.03,30000
15,"good","car",2631,4,28,"rent","skilled",1,"yes",4,14.65,45000
12,"poor","car",1503,4,41,"rent","skilled",1,"no",1,7.9,55000
24,"good","furniture/appliances",1311,3,26,"own","skilled",1,"no",8,15.27,82000
24,"good","furniture/appliances",3105,2,25,"own","skilled",1,"no",13,15.96,53000
21,"critical","education",2319,1,33,"rent","skilled",1,"yes",13,11.71,54000
6,"good","car",1374,3,75,"own","management",1,"no",5,12.69,65000
18,"critical","furniture/appliances",3612,4,37,"own","skilled",1,"no",6,8.9,28800
48,"good","car",7763,4,42,"other","management",1,"yes",1,17.27,42000
18,"good","furniture/appliances",3049,1,45,"own","unskilled",1,"no",3,12.42,36000
12,"good","furniture/appliances",1534,1,23,"rent","skilled",1,"yes",2,11.71,40000
24,"poor","car",2032,4,60,"other","skilled",1,"no",4,9.91,50000
30,"good","furniture/appliances",6350,4,31,"own","skilled",1,"yes",1,11.71,52000
18,"good","furniture/appliances",2864,1,34,"own","unskilled",2,"yes",6,7.9,75000
12,"critical","car",1255,4,61,"own","unskilled",1,"no",0,14.27,80000
24,"poor","car",1333,2,43,"other","skilled",2,"yes",7,8.9,40246
24,"critical","car",2022,4,37,"own","skilled",1,"no",6,10.65,60000
24,"good","furniture/appliances",1552,1,32,"own","skilled",2,"no",3,9.91,31200
12,"very good","furniture/appliances",626,4,24,"own","unskilled",1,"yes",15,11.71,90000
48,"critical","car",8858,1,35,"other","skilled",1,"no",4,7.9,40000
12,"critical","renovations",996,4,23,"own","skilled",1,"no",1,12.42,90000
6,"very good","furniture/appliances",1750,4,45,"own","unskilled",2,"no",4,16.29,67000
48,"good","furniture/appliances",6999,1,34,"own","skilled",1,"yes",1,6.62,276000
12,"critical","car",1995,1,27,"own","skilled",1,"no",6,11.71,26400
9,"good","education",1199,4,67,"own","management",1,"no",NA,11.71,24000
12,"good","furniture/appliances",1331,1,22,"own","skilled",1,"yes",3,11.71,68400
18,"perfect","car",2278,3,28,"own","skilled",1,"yes",1,15.96,29120
21,"perfect","car",5003,4,29,"own","skilled",1,"yes",0,16.29,29120
24,"very good","furniture/appliances",3552,4,27,"own","skilled",1,"yes",4,15.27,54000
18,"critical","furniture/appliances",1928,2,31,"own","unskilled",1,"yes",5,NA,30000
24,"good","car",2964,4,49,"other","skilled",2,"no",4,14.27,30000
24,"very good","furniture/appliances",1546,4,24,"rent","unskilled",1,"yes",16,15.96,50000
6,"poor","furniture/appliances",683,1,29,"own","skilled",1,"no",11,14.65,100500
36,"good","car",12389,4,37,"other","skilled",1,"yes",3,NA,40000
24,"poor","business",4712,2,37,"own","management",1,"no",5,12.42,47000
24,"poor","furniture/appliances",1553,2,23,"rent","skilled",1,"no",3,16.29,68000
12,"good","car",1372,3,36,"own","skilled",1,"yes",4,7.9,39600
24,"critical","furniture/appliances",2578,2,34,"own","skilled",1,"no",3,13.49,30000
48,"good","furniture/appliances",3979,1,41,"own","skilled",2,"no",1,7.51,30000
48,"good","furniture/appliances",6758,2,31,"own","skilled",1,"yes",3,12.42,42000
24,"good","furniture/appliances",3234,4,23,"rent","unskilled",1,"yes",4,11.71,42000
30,"critical","furniture/appliances",5954,2,38,"own","skilled",1,"no",3,13.49,27000
24,"good","car",5433,4,26,"rent","management",1,"no",5,7.9,46000
15,"good","business",806,4,22,"own","unskilled",1,"no",17,12.42,80000
9,"good","furniture/appliances",1082,4,27,"own","unskilled",1,"no",3,6.62,45000
15,"critical","furniture/appliances",2788,3,24,"own","skilled",1,"no",2,7.9,72500
12,"good","furniture/appliances",2930,1,27,"own","skilled",1,"no",2,7.9,30000
24,"critical","education",1927,2,33,"own","skilled",1,"no",5,15.96,65000
36,"critical","car",2820,4,27,"own","skilled",1,"yes",18,7.51,65000
24,"good","education",937,3,27,"own","unskilled",1,"no",4,9.91,120000
18,"critical","car",1056,3,30,"own","skilled",1,"yes",4,15.27,54990
12,"critical","car",3124,3,49,"own","unskilled",2,"no",2,7.9,137000
9,"good","furniture/appliances",1388,2,26,"rent","skilled",1,"no",1,8.9,46000
36,"good","renovations",2384,1,33,"rent","unskilled",1,"yes",8,12.69,135000
12,"good","car",2133,4,52,"other","management",1,"no",NA,7.51,31500
18,"good","furniture/appliances",2039,4,20,"rent","skilled",1,"yes",13,NA,65000
9,"critical","car",2799,2,36,"rent","skilled",2,"no",2,6.62,78000
12,"good","furniture/appliances",1289,1,21,"own","unskilled",1,"no",5,6.03,60000
18,"good","furniture/appliances",1217,3,47,"own","unskilled",1,"yes",11,8.9,48000
12,"critical","furniture/appliances",2246,3,60,"own","skilled",1,"yes",0,7.9,25000
12,"critical","furniture/appliances",385,3,58,"own","unskilled",1,"no",3,7.51,82000
24,"poor","car",1965,4,42,"rent","skilled",1,"no",13,NA,82000
21,"good","business",1572,4,36,"own","unskilled",1,"no",5,7.9,42000
24,"good","car",2718,4,20,"rent","unskilled",1,"yes",5,12.42,38000
24,"very good","car0",1358,3,40,"own","management",1,"yes",4,16.29,35000
6,"very good","car",931,1,32,"own","unskilled",1,"yes",13,9.91,33000
24,"good","car",1442,4,23,"rent","skilled",1,"yes",11,11.71,52800
24,"perfect","business",4241,4,36,"own","unskilled",1,"yes",17,9.91,73882
18,"critical","car",2775,2,31,"own","skilled",1,"yes",7,12.69,36000
24,"poor","business",3863,2,32,"other","skilled",1,"no",19,NA,130000
7,"good","furniture/appliances",2329,1,45,"own","skilled",1,"no",24,6.03,57200
9,"good","furniture/appliances",918,1,30,"own","skilled",1,"yes",2,12.42,15000
24,"very good","education",1837,4,34,"other","unskilled",1,"yes",9,7.51,70197
36,"good","furniture/appliances",3349,2,28,"own","management",1,"yes",7,8.9,47000
10,"good","furniture/appliances",1275,2,23,"own","skilled",1,"no",6,NA,120000
24,"very good","furniture/appliances",2828,4,22,"own","skilled",1,"no",12,12.69,75000
24,"critical","business",4526,2,74,"own","management",1,"no",4,12.69,44000
36,"good","furniture/appliances",2671,4,50,"other","skilled",1,"yes",0,12.42,38500
18,"good","furniture/appliances",2051,1,33,"own","skilled",1,"no",4,6.62,75000
15,"good","car",1300,4,45,"other","skilled",2,"no",11,8.9,55000
12,"good","furniture/appliances",741,3,22,"own","skilled",1,"yes",17,18.25,66000
10,"good","car",1240,4,48,"other","unskilled",2,"yes",8,11.71,85000
21,"good","furniture/appliances",3357,2,29,"own","skilled",1,"no",2,10.65,55000
24,"very good","car",3632,4,22,"rent","skilled",1,"no",19,7.51,47000
18,"poor","furniture/appliances",1808,1,22,"own","skilled",1,"yes",4,7.51,86000
48,"perfect","business",12204,2,48,"own","management",1,"no",2,7.51,50000
60,"poor","furniture/appliances",9157,2,27,"other","management",1,"no",2,NA,42996
6,"critical","car",3676,3,37,"rent","skilled",2,"no",3,8.9,120000
30,"good","furniture/appliances",3441,4,21,"rent","skilled",1,"yes",17,13.49,62691
12,"good","car",640,2,49,"own","unskilled",1,"no",4,7.9,49668
21,"critical","business",3652,3,27,"own","skilled",1,"no",2,15.96,30000
18,"critical","car",1530,2,32,"own","skilled",1,"yes",14,13.49,40000
48,"good","business",3914,2,38,"own","skilled",1,"yes",5,NA,1e+05
12,"good","furniture/appliances",1858,1,22,"rent","skilled",1,"no",2,11.71,56312
18,"good","furniture/appliances",2600,4,65,"other","skilled",1,"yes",10,16.29,54011
15,"good","furniture/appliances",1979,2,35,"own","skilled",1,"no",2,12.42,49110.32
6,"good","furniture/appliances",2116,2,41,"own","skilled",1,"no",2,12.42,80000
9,"very good","car",1437,3,29,"own","skilled",1,"yes",9,NA,55000
42,"critical","furniture/appliances",4042,4,36,"own","skilled",1,"no",8,14.65,90000
9,"good","education",3832,4,64,"own","unskilled",1,"no",4,10.65,1e+05
24,"good","furniture/appliances",3660,4,28,"own","skilled",1,"no",6,16.77,70000
18,"very good","furniture/appliances",1553,3,44,"own","skilled",1,"yes",34,14.27,75000
15,"good","furniture/appliances",1444,1,23,"own","skilled",1,"no",6,15.96,39000
9,"good","furniture/appliances",1980,2,19,"rent","skilled",1,"yes",0,11.71,60000
24,"good","car",1355,4,25,"own","unskilled",1,"yes",3,15.96,40000
12,"good","education",1393,4,47,"own","skilled",2,"no",6,7.51,42000
24,"good","furniture/appliances",1376,1,28,"own","skilled",1,"no",16,10.65,50000
60,"poor","furniture/appliances",15653,4,21,"own","skilled",1,"no",1,6.62,39396
12,"good","furniture/appliances",1493,3,34,"own","skilled",2,"no",7,15.96,98000
42,"poor","furniture/appliances",4370,2,26,"own","skilled",2,"yes",16,11.71,62500
18,"good","education",750,1,27,"own","unemployed",1,"yes",21,7.9,32400
15,"good","renovations",1308,4,38,"own","unskilled",1,"no",11,9.91,50000
15,"good","education",4623,2,40,"own","management",1,"yes",7,NA,72800
24,"critical","furniture/appliances",1851,2,33,"own","skilled",1,"no",8,13.49,96000
18,"critical","furniture/appliances",1880,1,32,"own","management",1,"no",3,16.29,83200
36,"poor","business",7980,4,27,"rent","skilled",1,"yes",3,10.65,52000
30,"perfect","furniture/appliances",4583,2,32,"own","skilled",1,"no",6,6.03,57600
12,"good","car",1386,2,26,"own","skilled",1,"yes",2,17.27,95000
24,"good","car",947,3,38,"other","skilled",2,"yes",0,14.65,58000
12,"good","education",684,4,40,"rent","unskilled",2,"yes",18,10.65,24000
48,"good","education",7476,1,50,"other","management",1,"no",9,NA,58000
12,"good","furniture/appliances",1922,2,37,"own","unskilled",1,"yes",NA,NA,70000
24,"good","car",2303,1,45,"own","skilled",1,"yes",3,NA,104000
36,"poor","car",8086,4,42,"own","management",1,"yes",4,11.71,35000
24,"critical","car",2346,3,35,"own","skilled",1,"no",5,15.27,53000
14,"good","car",3973,4,22,"other","skilled",1,"no",0,12.42,40000
12,"good","car",888,4,41,"own","unskilled",2,"yes",NA,9.91,42000
48,"good","furniture/appliances",10222,3,37,"own","skilled",1,"no",2,6.62,25000
30,"perfect","business",4221,1,28,"own","skilled",1,"no",14,10.65,36000
18,"critical","furniture/appliances",6361,1,41,"own","skilled",1,"no",1,9.91,231252
12,"good","furniture/appliances",1297,4,23,"rent","skilled",1,"no",6,7.9,66000
12,"good","car",900,2,23,"own","skilled",1,"yes",2,19.42,92000
21,"good","furniture/appliances",2241,2,50,"own","skilled",1,"no",13,11.71,70000
6,"poor","furniture/appliances",1050,1,35,"own","management",1,"no",8,11.71,76896
6,"critical","education",1047,4,50,"own","unskilled",1,"no",24,NA,24000
24,"critical","car0",6314,2,27,"own","management",1,"no",2,14.65,60000
30,"very good","furniture/appliances",3496,2,34,"own","skilled",2,"no",3,8.9,120000
48,"very good","business",3609,1,27,"own","skilled",1,"no",12,16.29,140000
12,"critical","car",4843,4,43,"rent","skilled",1,"yes",0,9.91,70000
30,"critical","furniture/appliances",3017,4,47,"own","skilled",1,"no",4,NA,51360
24,"critical","business",4139,3,27,"own","unskilled",1,"no",4,9.91,163000
36,"good","business",5742,2,31,"own","skilled",1,"no",4,12.69,59393
60,"good","car",10366,4,42,"own","management",1,"no",0,13.49,12996
6,"critical","car",2080,2,24,"own","skilled",1,"no",1,10.65,44475
21,"poor","business",2580,2,41,"own","unskilled",2,"yes",11,17.58,88000
30,"critical","furniture/appliances",4530,4,26,"rent","management",1,"no",3,10.65,36000
24,"critical","furniture/appliances",5150,4,33,"own","skilled",1,"no",7,12.42,117000
72,"good","furniture/appliances",5595,2,24,"own","skilled",1,"yes",5,NA,48000
24,"good","furniture/appliances",2384,4,64,"rent","unskilled",1,"no",2,9.91,45500
18,"good","furniture/appliances",1453,1,26,"own","skilled",1,"no",6,14.27,156000
6,"good","education",1538,2,56,"own","skilled",1,"no",1,10.65,40000
12,"good","furniture/appliances",2279,4,37,"other","skilled",1,"no",6,14.27,110000
15,"poor","furniture/appliances",1478,3,33,"own","skilled",1,"no",16,7.9,59400
24,"critical","furniture/appliances",5103,3,47,"other","skilled",1,"no",16,NA,106000
36,"poor","business",9857,3,31,"own","unskilled",2,"no",7,NA,36000
60,"good","car",6527,4,34,"other","skilled",2,"no",2,12.69,25000
10,"critical","furniture/appliances",1347,2,27,"own","skilled",1,"no",13,16.77,93000
36,"poor","car",2862,3,30,"other","skilled",1,"no",8,10.65,50000
9,"good","furniture/appliances",2753,4,35,"own","skilled",1,"no",4,12.42,30000
12,"good","car",3651,3,31,"own","skilled",2,"no",6,7.9,62500
15,"critical","furniture/appliances",975,3,25,"own","skilled",1,"no",0,7.51,60000
15,"good","renovations",2631,2,25,"own","unskilled",1,"no",7,6.03,60000
24,"good","furniture/appliances",2896,1,29,"own","skilled",1,"no",1,12.42,99600
6,"critical","car",4716,3,44,"own","unskilled",2,"no",1,NA,54000
24,"good","furniture/appliances",2284,2,28,"own","skilled",1,"no",8,12.69,49000
6,"good","car",1236,4,50,"rent","skilled",1,"no",4,14.27,44160
12,"good","furniture/appliances",1103,3,29,"own","skilled",1,"no",5,7.9,32000
12,"critical","car",926,2,38,"own","unemployed",1,"no",0,6.62,94500
18,"critical","furniture/appliances",1800,2,24,"own","skilled",1,"no",3,6.62,19498
15,"good","education",1905,4,40,"rent","management",1,"no",4,12.69,45000
12,"good","furniture/appliances",1123,4,29,"rent","unskilled",1,"yes",1,15.96,37500
48,"critical","car",6331,4,46,"other","skilled",1,"yes",4,9.91,120000
24,"good","furniture/appliances",1377,2,47,"other","skilled",1,"no",7,10.65,35000
30,"poor","business",2503,2,41,"own","skilled",1,"no",0,NA,50000
27,"good","business",2528,1,32,"own","skilled",2,"no",7,17.58,25279.67
15,"good","car",5324,4,35,"other","skilled",1,"no",6,13.49,65000
48,"good","car",6560,2,24,"own","skilled",1,"yes",15,12.42,85000
12,"perfect","furniture/appliances",2969,3,25,"rent","skilled",1,"yes",5,8.9,45000
9,"good","furniture/appliances",1206,4,25,"own","skilled",1,"no",7,17.27,44004
9,"good","furniture/appliances",2118,2,37,"own","unskilled",2,"no",11,12.69,84996
18,"critical","furniture/appliances",629,3,32,"own","management",1,"no",6,8.9,33000
6,"very good","education",1198,4,35,"other","skilled",1,"yes",5,11.71,60000
21,"good","car",2476,4,46,"own","management",1,"no",0,13.49,19200
9,"critical","furniture/appliances",1138,4,25,"own","unskilled",1,"no",14,11.71,62000
60,"good","car",14027,2,27,"own","management",1,"yes",4,12.42,68000
30,"critical","car",7596,4,63,"own","skilled",1,"no",1,10.65,30000
30,"critical","furniture/appliances",3077,2,40,"own","skilled",2,"no",14,7.9,50000
18,"good","furniture/appliances",1505,2,32,"other","management",1,"no",1,13.49,40000
24,"critical","furniture/appliances",3148,2,31,"own","skilled",1,"no",13,NA,83954
20,"perfect","car",6148,4,31,"own","skilled",1,"no",5,14.27,35000
9,"perfect","furniture/appliances",1337,2,34,"own","management",1,"yes",4,8.9,60000
6,"very good","education",433,2,24,"rent","skilled",2,"yes",4,NA,40000
12,"good","car",1228,2,24,"own","unskilled",1,"yes",NA,6.03,41100
9,"good","furniture/appliances",790,3,66,"own","unskilled",1,"no",4,12.42,92000
27,"good","car",2570,3,21,"rent","skilled",1,"yes",2,7.9,75000
6,"critical","car",250,2,41,"own","unskilled",1,"no",4,11.71,45000
15,"critical","furniture/appliances",1316,2,47,"own","unskilled",1,"no",8,7.51,48000
18,"good","furniture/appliances",1882,4,25,"rent","skilled",1,"yes",6,9.91,110000
48,"very good","business",6416,3,59,"rent","skilled",1,"yes",0,10.65,30600
24,"critical","business",1275,4,36,"own","skilled",1,"no",4,12.69,45000
24,"poor","furniture/appliances",6403,2,33,"own","skilled",1,"no",24,NA,150500
24,"good","furniture/appliances",1987,4,21,"rent","unskilled",2,"yes",2,16.77,32000
8,"good","furniture/appliances",760,2,44,"own","unskilled",1,"no",5,12.69,37500
24,"good","car",2603,4,28,"rent","skilled",1,"no",12,10.65,70000
4,"critical","car",3380,1,37,"own","skilled",2,"no",1,9.91,16800
36,"very good","furniture/appliances",3990,2,29,"own","unemployed",1,"no",1,14.65,38000
24,"good","car",11560,4,23,"rent","management",1,"yes",0,9.91,95000
18,"good","car",4380,4,35,"own","unskilled",2,"no",0,16.29,61000
6,"critical","car",6761,3,45,"own","management",2,"no",5,9.91,140000
30,"perfect","business",4280,4,26,"rent","unskilled",1,"yes",9,14.27,32400
24,"very good","car",2325,3,32,"own","skilled",1,"no",4,11.71,50000
10,"very good","furniture/appliances",1048,4,23,"own","unskilled",1,"no",9,8.9,70000
21,"good","furniture/appliances",3160,3,41,"own","skilled",1,"no",22,11.71,35000
24,"very good","furniture/appliances",2483,4,22,"own","skilled",1,"no",5,14.27,115000
39,"critical","furniture/appliances",14179,4,30,"own","management",1,"no",4,7.9,45000
13,"critical","business",1797,1,28,"own","unskilled",1,"no",5,15.96,235000
15,"good","car",2511,4,23,"rent","skilled",1,"no",5,NA,36000
12,"good","car",1274,1,37,"own","unskilled",1,"yes",5,7.9,26000
21,"good","car",5248,3,26,"own","skilled",1,"no",3,17.27,80000
15,"good","car",3029,2,33,"own","skilled",1,"no",1,NA,50000
6,"good","furniture/appliances",428,1,49,"own","skilled",1,"no",27,15.27,55000
18,"good","car",976,2,23,"own","unskilled",1,"yes",5,6.62,55000
12,"good","business",841,4,23,"rent","unskilled",1,"no",3,6.03,64424
30,"critical","furniture/appliances",5771,2,25,"own","skilled",1,"no",16,8.9,56000
12,"poor","renovations",1555,4,55,"other","skilled",2,"yes",4,14.27,111740
24,"good","car",1285,4,32,"rent","skilled",1,"yes",7,17.58,67500
6,"critical","car",1299,1,74,"own","unemployed",2,"no",33,10.65,120000
15,"critical","furniture/appliances",1271,4,39,"other","skilled",1,"yes",16,17.27,41500
24,"good","car",1393,2,31,"own","skilled",1,"no",12,9.91,75000
12,"critical","car",691,3,35,"own","skilled",1,"yes",12,NA,42000
15,"critical","car",5045,4,59,"own","skilled",1,"no",1,6.03,48000
18,"critical","furniture/appliances",2124,4,24,"rent","skilled",1,"yes",8,6.62,50000
12,"good","furniture/appliances",2214,3,24,"own","unskilled",1,"no",2,10.65,53000
21,"critical","car",12680,4,30,"other","management",1,"yes",2,NA,65000
24,"critical","car",2463,3,27,"own","skilled",1,"no",2,9.91,85000
12,"good","furniture/appliances",1155,3,40,"own","unskilled",1,"no",21,14.27,55000
30,"good","furniture/appliances",3108,4,31,"own","unskilled",1,"yes",20,14.27,36000
10,"good","car",2901,4,31,"rent","skilled",1,"no",1,10.65,26000
12,"critical","furniture/appliances",3617,4,28,"rent","skilled",1,"no",7,19.03,80000
12,"critical","furniture/appliances",1655,4,63,"own","unskilled",1,"no",4,13.49,80000
24,"good","car",2812,4,26,"rent","skilled",1,"no",7,16.77,1e+05
36,"critical","education",8065,2,25,"own","management",1,"yes",1,14.27,123000
21,"critical","car",3275,4,36,"own","management",1,"no",9,13.49,60000
24,"critical","furniture/appliances",2223,4,52,"own","skilled",1,"no",3,12.69,80000
12,"critical","car",1480,4,66,"other","unemployed",1,"no",29,7.51,31000
24,"good","car",1371,4,25,"rent","skilled",1,"yes",4,13.49,90000
36,"critical","car",3535,4,37,"own","skilled",1,"no",5,7.9,34000
18,"good","furniture/appliances",3509,1,25,"own","skilled",1,"no",25,17.27,36000
36,"critical","car",5711,2,38,"own","management",1,"no",4,7.9,65000
18,"good","renovations",3872,4,67,"own","skilled",1,"no",8,9.91,35000
39,"critical","furniture/appliances",4933,2,25,"own","skilled",1,"yes",5,8.9,62004
24,"critical","car",1940,4,60,"own","skilled",1,"no",19,11.71,74000
12,"perfect","education",1410,2,31,"own","unskilled",1,"no",1,14.65,42000
12,"good","car",836,2,23,"own","unskilled",1,"yes",5,12.42,48000
20,"good","car",6468,4,60,"own","management",1,"no",7,9.91,65000
18,"good","business",1941,2,35,"own","unskilled",1,"no",2,9.91,15360
22,"good","furniture/appliances",2675,4,40,"own","skilled",1,"no",11,13.49,61000
48,"critical","car",2751,3,38,"own","skilled",2,"no",2,6.03,120000
48,"poor","education",6224,4,50,"other","skilled",1,"yes",1,14.65,72100
40,"critical","education",5998,3,27,"own","skilled",1,"yes",3,11.71,58000
21,"good","business",1188,4,39,"own","skilled",2,"yes",4,14.27,40000
24,"good","car",6313,4,41,"own","management",2,"no",3,10.65,48880
6,"critical","furniture/appliances",1221,2,27,"own","skilled",1,"no",5,NA,48000
24,"good","furniture/appliances",2892,4,51,"other","skilled",1,"no",9,9.91,40000
24,"good","furniture/appliances",3062,3,32,"rent","skilled",1,"no",7,11.71,110000
9,"good","furniture/appliances",2301,4,22,"rent","skilled",1,"no",3,8.9,65000
18,"good","car",7511,4,51,"other","skilled",2,"yes",7,13.49,50000
12,"critical","furniture/appliances",1258,4,22,"rent","unskilled",1,"no",8,13.49,35100
24,"poor","car",717,4,54,"own","skilled",1,"no",6,NA,38000
9,"good","car",1549,2,35,"own","unemployed",1,"no",7,8.9,108000
24,"critical","education",1597,4,54,"other","skilled",2,"no",4,10.65,45000
18,"critical","furniture/appliances",1795,4,48,"rent","unskilled",1,"no",1,12.69,23000
20,"critical","furniture/appliances",4272,4,24,"own","skilled",1,"no",4,9.91,32000
12,"critical","furniture/appliances",976,4,35,"own","skilled",1,"no",3,8.9,55000
12,"good","car",7472,2,24,"rent","unemployed",1,"no",4,16.77,35000
36,"good","car",9271,1,24,"own","skilled",1,"yes",5,9.91,74000
6,"good","furniture/appliances",590,3,26,"own","unskilled",1,"no",8,7.51,30000
12,"critical","furniture/appliances",930,4,65,"own","skilled",1,"no",3,NA,105000
42,"very good","car",9283,2,55,"other","management",1,"no",24,NA,80000
15,"perfect","car",1778,1,26,"rent","unemployed",1,"yes",11,10.65,35000
8,"good","business",907,2,26,"own","skilled",1,"no",6,8.9,23000
6,"good","furniture/appliances",484,3,28,"own","unskilled",1,"no",7,16.29,50000
36,"critical","car",9629,4,24,"own","skilled",1,"yes",1,16.77,38200
48,"good","furniture/appliances",3051,4,54,"own","skilled",1,"yes",11,14.27,56000
48,"good","car",3931,4,46,"other","skilled",2,"yes",0,7.9,38000
36,"poor","car",7432,2,54,"rent","skilled",1,"no",3,NA,43000
6,"good","furniture/appliances",1338,4,62,"own","skilled",1,"no",2,11.71,105000
6,"critical","furniture/appliances",1554,2,24,"rent","skilled",1,"no",19,10.65,24000
36,"good","car0",15857,3,43,"own","management",1,"no",0,14.65,57600
18,"good","furniture/appliances",1345,3,26,"own","skilled",1,"yes",1,12.69,50000
12,"good","car",1101,2,27,"own","skilled",1,"no",2,6.62,120000
12,"good","furniture/appliances",3016,1,24,"own","skilled",1,"no",0,8.9,97600
36,"good","furniture/appliances",2712,2,41,"own","skilled",2,"yes",32,6.62,70800
8,"critical","car",731,4,47,"own","unskilled",1,"no",12,14.65,45000
18,"critical","furniture/appliances",3780,2,35,"own","management",1,"no",2,12.69,60000
21,"critical","car",1602,3,30,"own","skilled",1,"no",33,16.29,74000
18,"critical","car",3966,4,33,"rent","skilled",1,"yes",2,10.65,91500
18,"perfect","business",4165,2,36,"own","skilled",2,"yes",2,12.42,42500
36,"good","car",8335,4,47,"other","skilled",1,"yes",6,16.29,45000
48,"poor","business",6681,4,38,"other","skilled",2,"no",26,13.49,103000
24,"poor","business",2375,2,44,"own","skilled",2,"no",2,14.27,42000
18,"good","car",1216,3,23,"rent","skilled",1,"yes",1,7.9,35000
45,"perfect","business",11816,4,29,"rent","skilled",1,"yes",6,13.49,16000
24,"good","furniture/appliances",5084,4,42,"own","skilled",1,"no",14,12.42,53000
15,"good","furniture/appliances",2327,3,25,"own","unskilled",1,"yes",2,16.77,110000
12,"perfect","car",1082,4,48,"own","skilled",1,"yes",0,12.42,16000
12,"good","furniture/appliances",886,2,21,"own","skilled",1,"no",4,7.9,38400
4,"good","furniture/appliances",601,3,23,"rent","unskilled",2,"no",3,11.71,80000
24,"critical","car",2957,4,63,"own","skilled",1,"no",6,16.77,80952
24,"critical","furniture/appliances",2611,3,46,"own","skilled",1,"no",6,8.9,65000
36,"good","furniture/appliances",5179,2,29,"own","skilled",1,"yes",17,8.9,70000
21,"poor","car",2993,2,28,"own","unskilled",1,"no",7,NA,175000
18,"good","renovations",1943,4,23,"own","skilled",1,"yes",0,8.9,35000
24,"very good","business",1559,4,50,"own","skilled",1,"no",12,8.9,35000
18,"good","furniture/appliances",3422,4,47,"own","skilled",2,"no",2,NA,35000
21,"good","furniture/appliances",3976,3,35,"own","skilled",1,"no",10,15.27,60000
18,"good","car",6761,4,68,"rent","skilled",1,"yes",3,8.9,62000
24,"good","car",1249,2,28,"own","skilled",1,"no",8,11.71,130000
9,"good","furniture/appliances",1364,4,59,"own","skilled",1,"no",7,NA,61000
12,"good","furniture/appliances",709,4,57,"own","unskilled",1,"yes",1,14.27,25000
20,"critical","car",2235,2,33,"rent","skilled",1,"yes",2,12.42,14400
24,"critical","car",4042,4,43,"own","skilled",1,"no",6,11.71,70000
15,"critical","furniture/appliances",1471,4,35,"other","skilled",1,"no",1,11.71,125000
18,"very good","car",1442,4,32,"other","unskilled",2,"yes",12,7.9,80000
36,"poor","car",10875,2,45,"own","skilled",2,"no",0,16.77,87500
24,"good","car",1474,3,33,"own","skilled",1,"no",12,11.71,22000
10,"good","education",894,3,40,"own","skilled",1,"no",7,NA,70000
15,"critical","furniture/appliances",3343,2,28,"other","skilled",1,"no",NA,15.27,17352
15,"good","car",3959,2,29,"own","skilled",1,"yes",9,9.91,63208
9,"good","car",3577,2,26,"rent","skilled",2,"no",2,17.27,48000
24,"critical","car",5804,2,27,"own","skilled",1,"no",6,10.65,45500
18,"poor","business",2169,2,28,"own","skilled",1,"yes",0,8.9,19200
24,"good","furniture/appliances",2439,4,35,"own","skilled",1,"yes",3,6.03,35000
27,"critical","furniture/appliances",4526,2,32,"own","unskilled",2,"no",0,7.9,110000
10,"good","furniture/appliances",2210,2,25,"rent","unskilled",1,"yes",15,9.91,34000
15,"good","furniture/appliances",2221,4,20,"rent","skilled",1,"no",2,14.65,40000
18,"good","furniture/appliances",2389,1,27,"own","skilled",1,"no",6,8.9,1e+05
12,"critical","furniture/appliances",3331,4,42,"own","skilled",1,"no",3,12.42,45000
36,"good","business",7409,2,37,"own","skilled",1,"no",9,16.29,36000
12,"good","furniture/appliances",652,4,24,"rent","skilled",1,"no",22,17.27,80000
36,"poor","furniture/appliances",7678,4,40,"own","skilled",1,"no",3,9.91,50000
6,"critical","car",1343,4,46,"own","skilled",2,"no",10,9.91,75000
24,"critical","business",1382,1,26,"own","skilled",1,"no",8,7.51,105000
15,"good","furniture/appliances",874,1,24,"own","skilled",1,"no",3,9.91,45408
12,"good","furniture/appliances",3590,2,29,"own","unskilled",2,"no",3,10.65,67500
11,"critical","car",1322,4,40,"own","skilled",1,"no",4,19.42,60000
18,"very good","furniture/appliances",1940,4,36,"other","management",1,"no",2,6.62,65000
36,"good","furniture/appliances",3595,2,28,"own","skilled",1,"no",2,11.71,55000
9,"good","car",1422,2,27,"other","management",1,"yes",4,7.9,65000
30,"critical","furniture/appliances",6742,3,36,"own","skilled",1,"no",3,8.9,75000
24,"good","car",7814,3,38,"own","management",1,"no",0,14.65,30000
24,"good","car",9277,4,48,"other","skilled",1,"no",12,15.96,60000
30,"critical","car",2181,4,36,"own","skilled",1,"no",3,14.27,35000
18,"critical","furniture/appliances",1098,4,65,"own","unemployed",1,"no",5,12.69,65000
24,"good","furniture/appliances",4057,3,43,"own","skilled",1,"yes",1,13.49,44400
12,"good","education",795,4,53,"own","skilled",1,"yes",2,12.42,46000
24,"critical","business",2825,3,34,"own","skilled",2,"no",0,14.27,62000
48,"good","business",15672,2,23,"own","skilled",1,"yes",4,12.42,88000
36,"critical","car",6614,4,34,"own","management",1,"no",6,11.71,75000
28,"very good","car",7824,4,40,"rent","skilled",2,"no",5,7.51,1e+05
27,"critical","business",2442,4,43,"own","management",2,"no",4,12.42,40000
15,"critical","furniture/appliances",1829,4,46,"own","skilled",1,"no",8,6.62,88824
12,"critical","car",2171,4,38,"own","unskilled",1,"no",10,16.29,40000
36,"critical","car",5800,4,34,"own","skilled",1,"no",16,NA,50000
18,"critical","furniture/appliances",1169,3,29,"own","skilled",1,"no",3,8.9,114054
36,"poor","car",8947,2,31,"own","management",2,"no",6,NA,70000
21,"good","furniture/appliances",2606,4,28,"rent","management",1,"no",20,8.9,45000
12,"critical","furniture/appliances",1592,2,35,"own","skilled",1,"no",24,13.49,77000
15,"good","furniture/appliances",2186,4,33,"rent","unskilled",1,"no",1,9.91,90000
18,"good","furniture/appliances",4153,3,42,"own","skilled",1,"yes",2,10.65,42000
16,"critical","car",2625,4,43,"rent","skilled",1,"yes",NA,6.62,24000
20,"critical","car",3485,4,44,"own","skilled",1,"no",0,15.27,130000
36,"critical","car",10477,4,42,"other","skilled",1,"no",6,NA,70000
15,"good","furniture/appliances",1386,2,40,"rent","skilled",1,"no",7,11.71,67000
24,"good","furniture/appliances",1278,1,36,"own","management",1,"no",11,8.9,31000
12,"good","furniture/appliances",1107,2,20,"rent","management",2,"no",5,11.71,145000
21,"good","car",3763,2,24,"own","unskilled",1,"no",2,16.29,66000
36,"good","education",3711,2,27,"own","skilled",1,"no",7,NA,1e+05
15,"poor","car",3594,2,46,"own","unskilled",1,"no",NA,12.42,60000
9,"good","car",3195,2,33,"own","unskilled",1,"no",14,16.77,103000
36,"poor","furniture/appliances",4454,4,34,"own","skilled",1,"no",5,10.65,42000
24,"critical","furniture/appliances",4736,4,25,"own","unskilled",1,"yes",44,8.9,50000
30,"good","furniture/appliances",2991,4,25,"own","skilled",1,"no",5,8.9,50000
11,"good","business",2142,2,28,"own","skilled",1,"no",3,15.27,80004
24,"very good","business",3161,2,31,"rent","skilled",1,"yes",2,9.91,43000
48,"perfect","car0",18424,2,32,"own","management",1,"yes",10,9.91,32000
10,"good","car",2848,2,32,"own","skilled",2,"no",0,14.27,35000
6,"good","car",14896,4,68,"own","management",1,"yes",5,14.27,24000
24,"good","furniture/appliances",2359,1,33,"own","skilled",1,"yes",0,14.65,44600
24,"good","furniture/appliances",3345,2,39,"rent","management",1,"yes",0,12.69,52000
18,"critical","furniture/appliances",1817,2,28,"own","skilled",1,"no",2,12.69,67000
48,"poor","furniture/appliances",12749,1,37,"own","management",1,"no",2,NA,44136
9,"good","furniture/appliances",1366,4,22,"rent","skilled",1,"yes",8,7.9,36000
12,"good","car",2002,4,30,"rent","skilled",2,"no",3,10.65,36000
24,"very good","furniture/appliances",6872,1,55,"own","skilled",1,"yes",3,7.51,36500
12,"very good","car",697,2,46,"own","skilled",1,"yes",5,9.91,40000
18,"critical","furniture/appliances",1049,4,21,"rent","skilled",1,"no",3,17.58,56604
48,"good","car",10297,4,39,"other","skilled",2,"yes",2,9.91,52000
30,"good","furniture/appliances",1867,4,58,"own","skilled",1,"no",4,7.9,17640
12,"poor","car",1344,2,43,"own","unskilled",2,"no",4,13.49,86000
24,"good","furniture/appliances",1747,1,24,"own","unskilled",1,"no",5,11.71,118075
9,"good","furniture/appliances",1670,2,22,"own","skilled",1,"yes",5,NA,48000
9,"critical","car",1224,1,30,"own","skilled",1,"no",3,14.27,65000
12,"critical","furniture/appliances",522,4,42,"own","skilled",2,"no",7,14.27,28800
12,"good","furniture/appliances",1498,1,23,"own","skilled",1,"no",6,12.69,62361
30,"poor","furniture/appliances",1919,3,30,"own","management",1,"yes",17,10.65,45000
9,"good","furniture/appliances",745,2,28,"own","unskilled",1,"yes",2,10.65,40000
6,"good","furniture/appliances",2063,3,30,"rent","management",1,"no",1,7.9,25000
60,"good","education",6288,4,42,"other","skilled",1,"yes",23,10.65,85000
24,"critical","car",6842,4,46,"own","management",2,"no",0,10.65,55000
12,"good","car",3527,3,45,"own","management",2,"no",5,7.9,110000
10,"good","car",1546,2,31,"own","unskilled",2,"no",5,10.65,44000
24,"good","furniture/appliances",929,2,31,"own","skilled",1,"no",4,13.49,42000
4,"critical","car",1455,1,42,"own","unskilled",2,"no",0,10.65,19240
15,"good","furniture/appliances",1845,1,46,"rent","skilled",1,"no",2,7.9,52800
48,"perfect","car",8358,1,30,"own","skilled",1,"no",9,NA,75000
24,"very good","furniture/appliances",3349,4,30,"other","skilled",2,"yes",2,13.49,60000
12,"good","car",2859,4,38,"own","management",1,"no",4,9.91,53000
18,"good","furniture/appliances",1533,1,43,"own","unskilled",2,"yes",0,10.65,46330
24,"good","furniture/appliances",3621,4,31,"own","skilled",1,"yes",36,7.51,95000
18,"critical","business",3590,3,40,"own","unemployed",2,"no",13,NA,58977
36,"poor","business",2145,1,24,"own","skilled",1,"yes",1,12.69,75000
24,"good","car",4113,4,28,"rent","skilled",1,"yes",2,12.69,27000
36,"good","furniture/appliances",10974,2,26,"own","management",1,"yes",2,7.51,69077
12,"good","car",1893,4,29,"own","skilled",1,"no",13,12.69,2e+05
24,"critical","furniture/appliances",1231,4,57,"rent","management",1,"no",1,12.69,110000
30,"critical","furniture/appliances",3656,4,49,"own","unskilled",1,"no",2,16.29,63500
9,"critical","furniture/appliances",1154,4,37,"own","unskilled",1,"no",2,8.9,70000
28,"good","car",4006,2,45,"own","unskilled",1,"yes",0,13.49,30000
24,"good","furniture/appliances",3069,4,30,"other","skilled",1,"no",2,6.03,54996
6,"critical","furniture/appliances",1740,2,30,"rent","skilled",1,"no",1,NA,38000
21,"poor","car",2353,4,47,"own","skilled",1,"no",2,NA,48000
15,"good","car",3556,2,29,"own","skilled",1,"no",5,NA,50000
24,"good","furniture/appliances",2397,2,35,"own","skilled",1,"yes",0,12.69,28500
6,"good","renovations",454,1,22,"own","unskilled",1,"no",5,16.77,37000
30,"good","furniture/appliances",1715,1,26,"own","skilled",1,"no",7,14.27,70000
27,"critical","furniture/appliances",2520,2,23,"own","unskilled",1,"yes",NA,6.03,40000
15,"good","furniture/appliances",3568,2,54,"rent","management",1,"no",NA,17.27,57000
42,"good","furniture/appliances",7166,4,29,"rent","skilled",1,"no",0,12.69,50000
11,"critical","car",3939,2,40,"own","unskilled",2,"no",1,15.27,53000
15,"good","renovations",1514,2,22,"own","skilled",1,"no",6,10.65,22000
24,"good","car",7393,4,43,"own","unskilled",2,"no",3,12.69,35000
24,"very good","car",1193,4,29,"rent","unemployed",1,"yes",6,15.27,40000
60,"good","business",7297,4,36,"rent","skilled",1,"yes",22,9.91,49000
30,"critical","furniture/appliances",2831,2,33,"own","skilled",1,"no",5,11.71,38000
24,"good","furniture/appliances",1258,3,57,"own","unskilled",1,"no",8,12.69,118000
6,"good","furniture/appliances",753,3,64,"own","skilled",1,"no",21,7.9,60000
18,"poor","business",2427,2,42,"own","skilled",1,"no",4,12.69,44000
24,"poor","car",2538,4,47,"own","unskilled",2,"yes",4,17.58,65000
15,"very good","car",1264,2,25,"rent","skilled",1,"yes",0,11.71,20000
30,"critical","furniture/appliances",8386,2,49,"own","skilled",1,"yes",0,11.71,25000
48,"good","business",4844,2,33,"rent","management",1,"yes",5,12.42,30000
21,"good","car",2923,1,28,"own","management",1,"no",5,8.9,35000
36,"good","car",8229,2,26,"own","skilled",2,"yes",6,11.71,30000
24,"critical","furniture/appliances",2028,2,30,"own","unskilled",1,"no",2,14.27,70000
15,"critical","furniture/appliances",1433,3,25,"rent","skilled",1,"no",11,9.91,105000
42,"perfect","business",6289,1,33,"own","skilled",1,"no",6,13.49,47000
13,"good","furniture/appliances",1409,4,64,"own","skilled",1,"no",5,8.9,24000
24,"good","car",6579,2,29,"other","management",1,"no",6,NA,67000
24,"critical","furniture/appliances",1743,2,48,"own","unskilled",1,"no",4,NA,50000
12,"critical","education",3565,1,37,"own","unskilled",2,"no",5,7.9,48996
15,"very good","furniture/appliances",1569,4,34,"own","unskilled",2,"no",26,11.71,70000
18,"good","furniture/appliances",1936,4,23,"rent","unskilled",1,"no",11,14.65,32160
36,"good","furniture/appliances",3959,3,30,"own","management",1,"no",8,13.49,50000
12,"good","car",2390,3,50,"own","skilled",1,"no",2,11.71,115000
12,"good","furniture/appliances",1736,4,31,"own","unskilled",1,"no",29,9.91,40100
30,"good","car",3857,4,40,"own","management",1,"no",20,6.03,75000
12,"good","furniture/appliances",804,4,38,"own","skilled",1,"no",6,11.71,95000
45,"good","furniture/appliances",1845,4,23,"other","skilled",1,"yes",19,6.62,37000
45,"critical","car",4576,4,27,"own","skilled",1,"no",6,12.42,60500
